run_id,query_id,method,repeat,status,predicted_items,reference_items,matched_prediction_strings,matched_reference_strings,answer_precision,answer_recall,answer_f1,relation_proxy_precision,relation_proxy_recall,relation_proxy_f1,legacy_composite,structure_delta,native_nodes,native_edges,density,unknown_predicted,unknown_reference,many_predictions_to_one_reference,one_prediction_to_many_references,report_truncated,predicted_items_truncated,reference_items_truncated,out_of_range
formal/01/Q72/full,Q72,full,1,complete,2,8,1,1,0.5,0.125,0.2,0.2,0.125,0.15384615384615385,0.18153846153846154,-0.018461538461538474,33,61,1,[],[],False,False,True,False,False,False
formal/01/Q72/uniform,Q72,uniform,1,complete,2,8,2,1,1.0,0.125,0.2222222222222222,0.2222222222222222,0.125,0.16,0.19733333333333333,-0.024888888888888877,46,67,1,[],[],True,False,True,False,False,False
formal/01/Q77/uniform,Q77,uniform,1,complete,4,5,1,1,0.25,0.2,0.22222222222222224,0.22222222222222224,0.2,0.2105263157894737,0.21754385964912282,-0.0046783625730994205,63,130,1,[],[],False,False,True,False,False,False
formal/01/Q77/full,Q77,full,1,complete,2,5,2,2,1.0,0.4,0.5714285714285715,0.5714285714285715,0.4,0.4705882352941177,0.53109243697479,-0.04033613445378148,65,121,1,[],[],False,False,True,False,False,False
formal/01/Q71/full,Q71,full,1,complete,4,3,2,2,0.5,0.6666666666666666,0.5714285714285715,0.5714285714285715,0.6666666666666666,0.6153846153846154,0.5890109890109891,0.01758241758241763,125,211,1,[],[],False,False,True,False,False,False
formal/01/Q71/uniform,Q71,uniform,1,complete,2,3,2,2,1.0,0.6666666666666666,0.8,0.8,0.6666666666666666,0.7272727272727272,0.7709090909090909,-0.029090909090909167,110,191,1,[],[],False,False,True,False,False,False
formal/01/Q62/uniform,Q62,uniform,1,complete,3,2,0,0,0.0,0.0,0,0.0,0.0,0,0.0,0.0,42,37,0.8809523809523809,[],[],False,False,True,False,False,False
formal/01/Q62/full,Q62,full,1,complete,2,2,0,0,0.0,0.0,0,0.0,0.0,0,0.0,0.0,50,48,0.96,[],[],False,False,True,False,False,False
formal/01/Q61/full,Q61,full,1,complete,8,3,1,1,0.125,0.3333333333333333,0.18181818181818182,0.18181818181818182,0.3333333333333333,0.23529411764705885,0.20320855614973263,0.021390374331550804,43,54,1,[],[],False,False,True,False,False,False
formal/01/Q61/uniform,Q61,uniform,1,complete,8,3,0,0,0.0,0.0,0,0.0,0.0,0,0.0,0.0,65,66,1,[],[],False,False,True,False,False,False
formal/01/Q74/uniform,Q74,uniform,1,complete,4,4,4,4,1.0,1.0,1.0,1.0,1.0,1.0,1.0,0.0,76,108,1,[],[],False,False,True,False,False,False
formal/01/Q74/full,Q74,full,1,complete,4,4,0,0,0.0,0.0,0,0.0,0.0,0,0.0,0.0,54,117,1,[],[],False,False,True,False,False,False
formal/01/Q79/full,Q79,full,1,complete,12,6,2,2,0.16666666666666666,0.3333333333333333,0.2222222222222222,0.2222222222222222,0.3333333333333333,0.26666666666666666,0.24,0.01777777777777778,142,160,1,[],[],False,False,True,False,False,False
formal/01/Q79/uniform,Q79,uniform,1,complete,11,6,2,2,0.18181818181818182,0.3333333333333333,0.23529411764705885,0.23529411764705885,0.3333333333333333,0.27586206896551724,0.2515212981744422,0.01622718052738334,104,125,1,[],[],False,False,True,False,False,False
formal/01/Q66/full,Q66,full,1,complete,1,8,0,0,0.0,0.0,0,0.0,0.0,0,0.0,0.0,109,214,1,[],[],False,False,True,False,False,False
formal/01/Q66/uniform,Q66,uniform,1,partial,1,8,0,0,0.0,0.0,0,0.0,0.0,0,0.0,0.0,98,188,1,[],[],False,False,True,False,False,False
formal/01/Q69/full,Q69,full,1,complete,1,7,0,0,0.0,0.0,0,0.0,0.0,0,0.0,0.0,71,124,1,[],[],False,False,True,False,False,False
formal/01/Q69/uniform,Q69,uniform,1,complete,1,7,0,0,0.0,0.0,0,0.0,0.0,0,0.0,0.0,122,143,1,[],[],False,False,True,False,False,False
formal/01/Q76/full,Q76,full,1,complete,17,6,16,6,0.9411764705882353,1.0,0.9696969696969697,0.9696969696969697,1.0,0.9846153846153847,0.9756643356643357,0.005967365967366023,89,98,1,[],[],True,False,True,False,False,False
formal/01/Q76/uniform,Q76,uniform,1,complete,17,6,17,6,1.0,1.0,1.0,1.0,1.0,1.0,1.0,0.0,66,92,1,[],[],True,False,True,False,False,False
formal/01/Q63/full,Q63,full,1,complete,1,6,1,2,1.0,0.3333333333333333,0.5,0.5,0.3333333333333333,0.4,0.46,-0.03999999999999998,76,84,1,[],[],False,True,True,False,False,False
formal/01/Q63/uniform,Q63,uniform,1,complete,2,6,0,0,0.0,0.0,0,0.0,0.0,0,0.0,0.0,65,80,1,[],[],False,False,True,False,False,False
formal/01/Q78/full,Q78,full,1,complete,1,1,1,1,1.0,1.0,1.0,1.0,1.0,1.0,1.0,0.0,74,151,1,[],[],False,False,True,False,False,False
formal/01/Q78/uniform,Q78,uniform,1,complete,2,1,1,1,0.5,1.0,0.6666666666666666,0.6666666666666666,1.0,0.8,0.72,0.053333333333333344,69,137,1,[],[],False,False,True,False,False,False
formal/01/Q65/uniform,Q65,uniform,1,complete,1,1,1,1,1.0,1.0,1.0,1.0,1.0,1.0,1.0,0.0,84,136,1,[],[],False,False,True,False,False,False
formal/01/Q65/full,Q65,full,1,complete,2,1,2,1,1.0,1.0,1.0,1.0,1.0,1.0,1.0,0.0,89,129,1,[],[],True,False,True,False,False,False
formal/01/Q73/full,Q73,full,1,complete,1,14,0,0,0.0,0.0,0,0.0,0.0,0,0.0,0.0,81,98,1,[],[],False,False,True,False,False,False
formal/01/Q73/uniform,Q73,uniform,1,partial,1,14,0,0,0.0,0.0,0,0.0,0.0,0,0.0,0.0,34,45,1,[],[],False,False,True,False,False,False
formal/01/Q68/uniform,Q68,uniform,1,complete,2,1,0,0,0.0,0.0,0,0.0,0.0,0,0.0,0.0,64,79,1,[],[],False,False,True,False,False,False
formal/01/Q68/full,Q68,full,1,complete,2,1,1,1,0.5,1.0,0.6666666666666666,0.6666666666666666,1.0,0.8,0.72,0.053333333333333344,64,77,1,[],[],False,False,True,False,False,False
formal/01/Q70/uniform,Q70,uniform,1,complete,9,5,0,0,0.0,0.0,0,0.0,0.0,0,0.0,0.0,129,177,1,[],[],False,False,True,False,False,False
formal/01/Q70/full,Q70,full,1,complete,7,5,2,2,0.2857142857142857,0.4,0.3333333333333333,0.3333333333333333,0.4,0.3636363636363636,0.34545454545454546,0.012121212121212144,146,180,1,[],[],False,False,True,False,False,False
formal/01/Q75/full,Q75,full,1,complete,1,6,1,1,1.0,0.16666666666666666,0.2857142857142857,0.2857142857142857,0.16666666666666666,0.2105263157894737,0.2556390977443609,-0.03007518796992481,40,107,1,[],[],False,False,True,False,False,False
formal/01/Q75/uniform,Q75,uniform,1,complete,6,6,2,2,0.3333333333333333,0.3333333333333333,0.3333333333333333,0.3333333333333333,0.3333333333333333,0.3333333333333333,0.3333333333333333,0.0,58,119,1,[],[],False,False,True,False,False,False
formal/01/Q64/full,Q64,full,1,complete,5,14,0,0,0.0,0.0,0,0.0,0.0,0,0.0,0.0,106,175,1,[],[],False,False,True,False,False,False
formal/01/Q64/uniform,Q64,uniform,1,complete,6,14,2,2,0.3333333333333333,0.14285714285714285,0.2,0.2,0.14285714285714285,0.16666666666666666,0.18666666666666665,-0.013333333333333364,79,145,1,[],[],False,False,True,False,False,False
formal/01/Q80/uniform,Q80,uniform,1,complete,12,8,5,5,0.4166666666666667,0.625,0.5,0.5,0.625,0.5555555555555556,0.5222222222222223,0.022222222222222254,54,81,1,[],[],False,False,True,False,False,False
formal/01/Q80/full,Q80,full,1,complete,18,8,6,6,0.3333333333333333,0.75,0.46153846153846156,0.46153846153846156,0.75,0.5714285714285714,0.5054945054945055,0.04395604395604391,63,79,1,[],[],False,False,True,False,False,False
formal/01/Q67/uniform,Q67,uniform,1,partial,15,2,0,0,0.0,0.0,0,0.0,0.0,0,0.0,0.0,96,93,0.96875,[],[],False,False,True,False,False,False
formal/01/Q67/full,Q67,full,1,complete,1,2,1,1,1.0,0.5,0.6666666666666666,0.6415841584158416,0.4811881188118812,0.54992927864215,0.6199717114568599,-0.04669495520980671,101,82,0.8118811881188119,[],[],False,False,True,False,False,False
formal/02/Q72/full,Q72,full,2,complete,5,8,3,2,0.6,0.25,0.35294117647058826,0.35294117647058826,0.25,0.2926829268292683,0.3288378766140603,-0.024103299856527982,48,81,1,[],[],True,False,True,False,False,False
formal/02/Q72/uniform,Q72,uniform,2,complete,1,8,1,1,1.0,0.125,0.2222222222222222,0.2222222222222222,0.125,0.16,0.19733333333333333,-0.024888888888888877,60,78,1,[],[],False,False,True,False,False,False
formal/02/Q65/uniform,Q65,uniform,2,complete,1,1,1,1,1.0,1.0,1.0,1.0,1.0,1.0,1.0,0.0,94,168,1,[],[],False,False,True,False,False,False
formal/02/Q65/full,Q65,full,2,complete,12,1,1,1,0.08333333333333333,1.0,0.15384615384615385,0.15384615384615385,1.0,0.2666666666666667,0.198974358974359,0.045128205128205146,92,129,1,[],[],False,False,True,False,False,False
formal/02/Q68/uniform,Q68,uniform,2,complete,1,1,0,0,0.0,0.0,0,0.0,0.0,0,0.0,0.0,63,80,1,[],[],False,False,True,False,False,False
formal/02/Q68/full,Q68,full,2,complete,3,1,0,0,0.0,0.0,0,0.0,0.0,0,0.0,0.0,65,80,1,[],[],False,False,True,False,False,False
formal/02/Q64/uniform,Q64,uniform,2,partial,7,14,2,2,0.2857142857142857,0.14285714285714285,0.19047619047619047,0.19047619047619047,0.14285714285714285,0.16326530612244897,0.17959183673469387,-0.0108843537414966,70,120,1,[],[],False,False,True,False,False,False
formal/02/Q64/full,Q64,full,2,complete,7,14,1,1,0.14285714285714285,0.07142857142857142,0.09523809523809523,0.09523809523809523,0.07142857142857142,0.08163265306122448,0.08979591836734693,-0.0054421768707483,79,116,1,[],[],False,False,True,False,False,False
formal/02/Q73/full,Q73,full,2,partial,2,14,0,0,0.0,0.0,0,0.0,0.0,0,0.0,0.0,88,91,1,[],[],False,False,True,False,False,False
formal/02/Q73/uniform,Q73,uniform,2,partial,5,14,1,1,0.2,0.07142857142857142,0.10526315789473682,0.10526315789473682,0.07142857142857142,0.0851063829787234,0.09720044792833146,-0.00806270996640536,91,99,1,[],[],False,False,True,False,False,False
formal/02/Q66/full,Q66,full,2,complete,7,8,7,7,1.0,0.875,0.9333333333333333,0.9333333333333333,0.875,0.9032258064516129,0.9212903225806451,-0.01204301075268821,86,212,1,[],[],False,False,True,False,False,False
formal/02/Q66/uniform,Q66,uniform,2,complete,1,8,0,0,0.0,0.0,0,0.0,0.0,0,0.0,0.0,95,173,1,[],[],False,False,True,False,False,False
formal/02/Q63/full,Q63,full,2,complete,1,6,1,1,1.0,0.16666666666666666,0.2857142857142857,0.27936507936507937,0.16296296296296298,0.20584795321637428,0.2537677527151211,-0.03194653299916461,81,72,0.8888888888888888,[],[],False,False,True,False,False,False
formal/02/Q63/uniform,Q63,uniform,2,complete,2,6,0,0,0.0,0.0,0,0.0,0.0,0,0.0,0.0,93,98,1,[],[],False,False,True,False,False,False
formal/02/Q69/full,Q69,full,2,complete,2,7,0,0,0.0,0.0,0,0.0,0.0,0,0.0,0.0,83,120,1,[],[],False,False,True,False,False,False
formal/02/Q69/uniform,Q69,uniform,2,complete,1,7,0,0,0.0,0.0,0,0.0,0.0,0,0.0,0.0,90,95,1,[],[],False,False,True,False,False,False
formal/02/Q76/uniform,Q76,uniform,2,complete,19,6,14,5,0.7368421052631579,0.8333333333333334,0.782122905027933,0.782122905027933,0.8333333333333334,0.8069164265129685,0.7920403136219472,0.009917408594014132,146,184,1,[],[],True,False,True,False,False,False
formal/02/Q76/full,Q76,full,2,partial,14,6,14,6,1.0,1.0,1.0,1.0,1.0,1.0,1.0,0.0,101,143,1,[],[],True,False,True,False,False,False
formal/02/Q61/uniform,Q61,uniform,2,complete,1,3,0,0,0.0,0.0,0,0.0,0.0,0,0.0,0.0,103,131,1,[],[],False,False,True,False,False,False
formal/02/Q61/full,Q61,full,2,complete,3,3,0,0,0.0,0.0,0,0.0,0.0,0,0.0,0.0,74,121,1,[],[],False,False,True,False,False,False
formal/02/Q75/full,Q75,full,2,complete,1,6,1,2,1.0,0.3333333333333333,0.5,0.5,0.3333333333333333,0.4,0.46,-0.03999999999999998,37,87,1,[],[],False,True,True,False,False,False
formal/02/Q75/uniform,Q75,uniform,2,complete,4,6,2,1,0.5,0.16666666666666666,0.25,0.25,0.16666666666666666,0.2,0.23,-0.01999999999999999,67,140,1,[],[],True,False,True,False,False,False
formal/02/Q62/uniform,Q62,uniform,2,complete,5,2,0,0,0.0,0.0,0,0.0,0.0,0,0.0,0.0,79,101,1,[],[],False,False,True,False,False,False
formal/02/Q62/full,Q62,full,2,complete,5,2,1,1,0.2,0.5,0.28571428571428575,0.28571428571428575,0.5,0.36363636363636365,0.31688311688311693,0.03116883116883118,100,110,1,[],[],False,False,True,False,False,False
formal/02/Q80/uniform,Q80,uniform,2,complete,13,8,4,4,0.3076923076923077,0.5,0.380952380952381,0.380952380952381,0.5,0.43243243243243246,0.4015444015444016,0.020592020592020588,63,94,1,[],[],False,False,True,False,False,False
formal/02/Q80/full,Q80,full,2,complete,10,8,7,3,0.7,0.375,0.48837209302325574,0.48837209302325574,0.375,0.42424242424242414,0.4627202255109231,-0.025651867512332616,50,53,1,[],[],True,False,True,False,False,False
formal/02/Q71/full,Q71,full,2,complete,2,3,0,0,0.0,0.0,0,0.0,0.0,0,0.0,0.0,112,211,1,[],[],False,False,True,False,False,False
formal/02/Q71/uniform,Q71,uniform,2,complete,2,3,0,0,0.0,0.0,0,0.0,0.0,0,0.0,0.0,83,142,1,[],[],False,False,True,False,False,False
formal/02/Q77/full,Q77,full,2,complete,2,5,0,0,0.0,0.0,0,0.0,0.0,0,0.0,0.0,107,187,1,[],[],False,False,True,False,False,False
formal/02/Q77/uniform,Q77,uniform,2,complete,4,5,2,2,0.5,0.4,0.4444444444444445,0.4444444444444445,0.4,0.4210526315789474,0.43508771929824563,-0.009356725146198841,76,128,1,[],[],False,False,True,False,False,False
formal/02/Q67/full,Q67,full,2,complete,2,2,0,0,0.0,0.0,0,0.0,0.0,0,0.0,0.0,75,129,1,[],[],False,False,True,False,False,False
formal/02/Q67/uniform,Q67,uniform,2,complete,1,2,0,0,0.0,0.0,0,0.0,0.0,0,0.0,0.0,156,158,1,[],[],False,False,True,False,False,False
formal/02/Q79/uniform,Q79,uniform,2,complete,3,6,1,1,0.3333333333333333,0.16666666666666666,0.2222222222222222,0.2222222222222222,0.16666666666666666,0.1904761904761905,0.20952380952380953,-0.012698412698412681,96,140,1,[],[],False,False,True,False,False,False
formal/02/Q79/full,Q79,full,2,complete,2,6,0,0,0.0,0.0,0,0.0,0.0,0,0.0,0.0,137,177,1,[],[],False,False,True,False,False,False
formal/02/Q74/uniform,Q74,uniform,2,complete,4,4,4,4,1.0,1.0,1.0,1.0,1.0,1.0,1.0,0.0,78,101,1,[],[],False,False,True,False,False,False
formal/02/Q74/full,Q74,full,2,complete,4,4,4,4,1.0,1.0,1.0,1.0,1.0,1.0,1.0,0.0,71,100,1,[],[],False,False,True,False,False,False
formal/02/Q78/full,Q78,full,2,complete,1,1,1,1,1.0,1.0,1.0,1.0,1.0,1.0,1.0,0.0,78,136,1,[],[],False,False,True,False,False,False
formal/02/Q78/uniform,Q78,uniform,2,complete,1,1,1,1,1.0,1.0,1.0,1.0,1.0,1.0,1.0,0.0,42,56,1,[],[],False,False,True,False,False,False
formal/02/Q70/full,Q70,full,2,complete,11,5,2,2,0.18181818181818182,0.4,0.25000000000000006,0.25000000000000006,0.4,0.3076923076923077,0.2730769230769231,0.02307692307692305,164,192,1,[],[],False,False,True,False,False,False
formal/02/Q70/uniform,Q70,uniform,2,partial,4,5,0,0,0.0,0.0,0,0.0,0.0,0,0.0,0.0,118,156,1,[],[],False,False,True,False,False,False
