query_id,full_answer_precision,full_answer_recall,full_answer_f1,full_relation_proxy_f1,full_legacy_composite,full_structure_delta,uniform_answer_precision,uniform_answer_recall,uniform_answer_f1,uniform_relation_proxy_f1,uniform_legacy_composite,uniform_structure_delta,answer_f1_difference,legacy_composite_difference
Q61,0.0625,0.16666666666666666,0.09090909090909091,0.11764705882352942,0.10160427807486631,0.010695187165775402,0.0,0.0,0,0,0.0,0.0,0.09090909090909091,0.10160427807486631
Q62,0.1,0.25,0.14285714285714288,0.18181818181818182,0.15844155844155847,0.01558441558441559,0.0,0.0,0,0,0.0,0.0,0.14285714285714288,0.15844155844155847
Q63,1.0,0.25,0.39285714285714285,0.30292397660818715,0.3568838763575606,-0.035973266499582296,0.0,0.0,0,0,0.0,0.0,0.39285714285714285,0.3568838763575606
Q64,0.07142857142857142,0.03571428571428571,0.047619047619047616,0.04081632653061224,0.044897959183673466,-0.00272108843537415,0.30952380952380953,0.14285714285714285,0.19523809523809524,0.1649659863945578,0.18312925170068026,-0.012108843537414982,-0.14761904761904762,-0.13823129251700678
Q65,0.5416666666666666,1.0,0.5769230769230769,0.6333333333333333,0.5994871794871794,0.022564102564102573,1.0,1.0,1.0,1.0,1.0,0.0,-0.42307692307692313,-0.40051282051282056
Q66,0.5,0.4375,0.4666666666666667,0.45161290322580644,0.46064516129032257,-0.006021505376344105,0.0,0.0,0,0,0.0,0.0,0.4666666666666667,0.46064516129032257
Q67,0.5,0.25,0.3333333333333333,0.274964639321075,0.30998585572842996,-0.023347477604903355,0.0,0.0,0,0,0.0,0.0,0.3333333333333333,0.30998585572842996
Q68,0.25,0.5,0.3333333333333333,0.4,0.36,0.026666666666666672,0.0,0.0,0,0,0.0,0.0,0.3333333333333333,0.36
Q69,0.0,0.0,0,0,0.0,0.0,0.0,0.0,0,0,0.0,0.0,0,0.0
Q70,0.23376623376623376,0.4,0.2916666666666667,0.3356643356643356,0.3092657342657343,0.017599067599067597,0.0,0.0,0,0,0.0,0.0,0.2916666666666667,0.3092657342657343
Q71,0.25,0.3333333333333333,0.28571428571428575,0.3076923076923077,0.29450549450549457,0.008791208791208815,0.5,0.3333333333333333,0.4,0.3636363636363636,0.38545454545454544,-0.014545454545454584,-0.11428571428571427,-0.09094905094905087
Q72,0.55,0.1875,0.27647058823529413,0.22326454033771106,0.2551881690762609,-0.021282419159033228,1.0,0.125,0.2222222222222222,0.16,0.19733333333333333,-0.024888888888888877,0.054248366013071925,0.057854835742927574
Q73,0.0,0.0,0,0,0.0,0.0,0.1,0.03571428571428571,0.05263157894736841,0.0425531914893617,0.04860022396416573,-0.00403135498320268,-0.05263157894736841,-0.04860022396416573
Q74,0.5,0.5,0.5,0.5,0.5,0.0,1.0,1.0,1.0,1.0,1.0,0.0,-0.5,-0.5
Q75,1.0,0.25,0.39285714285714285,0.30526315789473685,0.3578195488721805,-0.035037593984962395,0.41666666666666663,0.25,0.29166666666666663,0.26666666666666666,0.2816666666666667,-0.009999999999999995,0.10119047619047622,0.0761528822055138
Q76,0.9705882352941176,1.0,0.9848484848484849,0.9923076923076923,0.9878321678321679,0.0029836829836830114,0.868421052631579,0.9166666666666667,0.8910614525139665,0.9034582132564842,0.8960201568109736,0.004958704297007066,0.09378703233451835,0.0918120110211943
Q77,0.5,0.2,0.28571428571428575,0.23529411764705885,0.265546218487395,-0.02016806722689074,0.375,0.30000000000000004,0.33333333333333337,0.31578947368421056,0.3263157894736842,-0.007017543859649131,-0.047619047619047616,-0.06076957098628921
Q78,1.0,1.0,1.0,1.0,1.0,0.0,0.75,1.0,0.8333333333333333,0.9,0.86,0.026666666666666672,0.16666666666666674,0.14
Q79,0.08333333333333333,0.16666666666666666,0.1111111111111111,0.13333333333333333,0.12,0.00888888888888889,0.25757575757575757,0.25,0.22875816993464054,0.23316912972085385,0.23052255384912584,0.001764383914485329,-0.11764705882352944,-0.11052255384912585
Q80,0.5166666666666666,0.5625,0.4749552772808586,0.49783549783549774,0.48410736550271427,0.009152088221855648,0.3621794871794872,0.5625,0.44047619047619047,0.493993993993994,0.4618833118833119,0.02140712140712142,0.03447908680466816,0.022224053619402384
