phase,query_id,method,repeat,run_id,answer_precision,answer_recall,answer_f1,n_pred_units,n_reference_units,matched_units,agent_calls,agent_failed_calls,actual_input_tokens,actual_output_tokens,known_input_tokens,known_output_tokens,unknown_usage_attempts,agent_inflight_calls,search_requests,page_requests,status,worker_status,native_failure_count,native_failure_flags,control_issue_count,termination,matched_token_budget
formal,Q61,full,1,formal/01/Q61/full,0.2,0.5,0.2857142857142857,5,2,1,96,0,1122841,91187,1122841,91187,0,0,28,74,complete,complete,0,[],0,iteration_limit,False
formal,Q61,full,2,formal/02/Q61/full,0.0,0.0,0.0,3,2,0,104,0,1236619,116834,1236619,116834,0,0,28,72,complete,complete,0,[],0,iteration_limit,False
formal,Q61,uniform,1,formal/01/Q61/uniform,0.0,0.0,0.0,4,2,0,107,0,1242623,101347,1242623,101347,0,0,30,75,complete,complete,0,[],0,resource_limit,False
formal,Q61,uniform,2,formal/02/Q61/uniform,0.0,0.0,0.0,2,2,0,108,0,1266014,116250,1266014,116250,0,0,28,74,complete,complete,0,[],0,iteration_limit,False
formal,Q62,full,1,formal/01/Q62/full,0.0,0.0,0.0,2,2,0,114,0,1232741,69604,1232741,69604,0,0,35,75,complete,complete,0,[],0,resource_limit,False
formal,Q62,full,2,formal/02/Q62/full,0.0,0.0,0.0,4,2,0,104,0,1180707,92280,1180707,92280,0,0,29,73,complete,complete,0,[],0,iteration_limit,False
formal,Q62,uniform,1,formal/01/Q62/uniform,0.0,0.0,0.0,2,2,0,95,0,1063511,59925,1063511,59925,0,0,30,75,complete,complete,0,[],0,resource_limit,False
formal,Q62,uniform,2,formal/02/Q62/uniform,0.0,0.0,0.0,3,2,0,118,0,1329887,105195,1329887,105195,0,0,34,71,complete,complete,0,[],0,iteration_limit,False
formal,Q63,full,1,formal/01/Q63/full,0.0,0.0,0.0,0,1,0,109,0,1321503,119254,1321503,119254,0,0,30,70,complete,complete,0,[],0,iteration_limit,False
formal,Q63,full,2,formal/02/Q63/full,0.0,0.0,0.0,0,1,0,104,0,1222065,106935,1222065,106935,0,0,30,68,complete,complete,0,[],0,iteration_limit,False
formal,Q63,uniform,1,formal/01/Q63/uniform,0.0,0.0,0.0,2,1,0,102,0,1223456,104760,1223456,104760,0,0,30,56,complete,complete,0,[],0,iteration_limit,False
formal,Q63,uniform,2,formal/02/Q63/uniform,0.0,0.0,0.0,2,1,0,113,0,1343128,115102,1343128,115102,0,0,35,75,complete,complete,0,[],0,resource_limit,False
formal,Q64,full,1,formal/01/Q64/full,0.0,0.0,0.0,6,3,0,120,0,1356594,134084,1356594,134084,0,0,30,73,complete,complete,0,[],0,resource_limit,False
formal,Q64,full,2,formal/02/Q64/full,0.0,0.0,0.0,9,3,0,113,0,1228815,96150,1228815,96150,0,0,30,71,complete,complete,0,[],0,iteration_limit,False
formal,Q64,uniform,1,formal/01/Q64/uniform,0.0,0.0,0.0,3,3,0,114,0,1303094,113269,1303094,113269,0,0,30,75,complete,complete,0,[],0,resource_limit,False
formal,Q64,uniform,2,formal/02/Q64/uniform,0.0,0.0,0.0,7,3,0,119,1,1339429,108966,1339429,108966,0,0,30,75,partial,partial,0,[],0,resource_limit,False
formal,Q65,full,1,formal/01/Q65/full,0.0,0.0,0.0,0,1,0,120,0,1384023,122077,1384023,122077,0,0,30,74,complete,complete,0,[],0,resource_limit,False
formal,Q65,full,2,formal/02/Q65/full,0.07692307692307693,1.0,0.14285714285714285,13,1,1,120,0,1385409,131740,1385409,131740,0,0,30,75,complete,complete,0,[],0,resource_limit,False
formal,Q65,uniform,1,formal/01/Q65/uniform,0.0,0.0,0.0,0,1,0,113,0,1311981,119816,1311981,119816,0,0,30,71,complete,complete,0,[],0,iteration_limit,False
formal,Q65,uniform,2,formal/02/Q65/uniform,0.07692307692307693,1.0,0.14285714285714285,13,1,1,114,0,1365688,132003,1365688,132003,0,0,30,65,complete,complete,0,[],0,iteration_limit,False
formal,Q66,full,1,formal/01/Q66/full,0.0,0.0,0.0,1,7,0,118,0,1446178,163305,1446178,163305,0,0,30,75,complete,complete,0,[],0,resource_limit,False
formal,Q66,full,2,formal/02/Q66/full,0.0,0.0,0.0,7,7,0,108,0,1292575,140834,1292575,140834,0,0,30,63,complete,complete,0,[],0,iteration_limit,False
formal,Q66,uniform,1,formal/01/Q66/uniform,0.0,0.0,0.0,1,7,0,120,0,1379181,138719,1379181,138719,0,0,30,75,partial,partial,1,"[""action:iter_3_search:failed_inner_searches:2/2""]",0,resource_limit,False
formal,Q66,uniform,2,formal/02/Q66/uniform,0.0,0.0,0.0,2,7,0,114,0,1366551,123126,1366551,123126,0,0,30,75,complete,complete,0,[],0,resource_limit,False
formal,Q67,full,1,formal/01/Q67/full,0.5,1.0,0.6666666666666666,2,1,1,120,0,1412839,120429,1412839,120429,0,0,30,70,complete,complete,0,[],0,resource_limit,False
formal,Q67,full,2,formal/02/Q67/full,0.0,0.0,0.0,2,1,0,120,0,1363208,128290,1363208,128290,0,0,30,75,complete,complete,0,[],0,resource_limit,False
formal,Q67,uniform,1,formal/01/Q67/uniform,0.0,0.0,0.0,16,1,0,120,0,1405256,106384,1405256,106384,0,0,35,75,partial,partial,1,"[""action:iter_3_search:failed_inner_searches:2/2""]",0,resource_limit,False
formal,Q67,uniform,2,formal/02/Q67/uniform,0.0,0.0,0.0,0,1,0,120,0,1420634,133631,1420634,133631,0,0,30,74,complete,complete,0,[],0,resource_limit,False
formal,Q68,full,1,formal/01/Q68/full,0.0,0.0,0.0,1,1,0,108,0,1241713,91964,1241713,91964,0,0,30,67,complete,complete,0,[],0,iteration_limit,False
formal,Q68,full,2,formal/02/Q68/full,0.0,0.0,0.0,2,1,0,112,0,1263943,92087,1263943,92087,0,0,30,75,complete,complete,0,[],0,resource_limit,False
formal,Q68,uniform,1,formal/01/Q68/uniform,0.0,0.0,0.0,2,1,0,112,0,1302303,95341,1302303,95341,0,0,30,75,complete,complete,0,[],0,resource_limit,False
formal,Q68,uniform,2,formal/02/Q68/uniform,1.0,1.0,1.0,1,1,1,113,0,1317134,104527,1317134,104527,0,0,30,75,complete,complete,0,[],0,resource_limit,False
formal,Q69,full,1,formal/01/Q69/full,0.0,0.0,0.0,1,1,0,99,0,1155037,90120,1155037,90120,0,0,29,52,complete,complete,0,[],0,iteration_limit,False
formal,Q69,full,2,formal/02/Q69/full,0.0,0.0,0.0,2,1,0,108,0,1240661,95623,1240661,95623,0,0,29,59,complete,complete,0,[],0,iteration_limit,False
formal,Q69,uniform,1,formal/01/Q69/uniform,0.0,0.0,0.0,2,1,0,96,0,1156488,112441,1156488,112441,0,0,30,52,complete,complete,0,[],0,iteration_limit,False
formal,Q69,uniform,2,formal/02/Q69/uniform,0.0,0.0,0.0,1,1,0,108,0,1264611,95132,1264611,95132,0,0,30,63,complete,complete,0,[],0,iteration_limit,False
formal,Q70,full,1,formal/01/Q70/full,0.5,1.0,0.6666666666666666,4,2,2,120,0,1455851,141782,1455851,141782,0,0,30,75,complete,complete,0,[],0,resource_limit,False
formal,Q70,full,2,formal/02/Q70/full,0.14285714285714285,1.0,0.25,14,2,2,120,0,1445940,142197,1445940,142197,0,0,30,75,complete,complete,0,[],0,resource_limit,False
formal,Q70,uniform,1,formal/01/Q70/uniform,0.14285714285714285,0.5,0.2222222222222222,7,2,1,120,0,1466514,137062,1466514,137062,0,0,30,75,complete,complete,0,[],0,resource_limit,False
formal,Q70,uniform,2,formal/02/Q70/uniform,0.0,0.0,0.0,5,2,0,117,1,1416661,133061,1416661,133061,0,0,30,74,partial,partial,0,[],0,iteration_limit,False
formal,Q71,full,1,formal/01/Q71/full,0.0,0.0,0.0,5,3,0,120,0,1394125,139481,1394125,139481,0,0,30,75,complete,complete,0,[],0,resource_limit,False
formal,Q71,full,2,formal/02/Q71/full,0.0,0.0,0.0,10,3,0,120,0,1369454,142819,1369454,142819,0,0,30,69,complete,complete,0,[],0,resource_limit,False
formal,Q71,uniform,1,formal/01/Q71/uniform,0.0,0.0,0.0,12,3,0,120,0,1389558,143263,1389558,143263,0,0,30,73,complete,complete,0,[],0,resource_limit,False
formal,Q71,uniform,2,formal/02/Q71/uniform,0.0,0.0,0.0,13,3,0,112,0,1290552,123595,1290552,123595,0,0,30,64,complete,complete,0,[],0,iteration_limit,False
formal,Q72,full,1,formal/01/Q72/full,1.0,1.0,1.0,1,1,1,98,0,1148359,88265,1148359,88265,0,0,30,67,complete,complete,0,[],0,iteration_limit,False
formal,Q72,full,2,formal/02/Q72/full,0.0,0.0,0.0,4,1,0,116,0,1318629,102830,1318629,102830,0,0,30,75,complete,complete,0,[],0,resource_limit,False
formal,Q72,uniform,1,formal/01/Q72/uniform,0.0,0.0,0.0,4,1,0,111,0,1282176,105672,1282176,105672,0,0,30,75,complete,complete,0,[],0,resource_limit,False
formal,Q72,uniform,2,formal/02/Q72/uniform,0.1111111111111111,1.0,0.2,9,1,1,120,0,1406335,110375,1406335,110375,0,0,40,73,complete,complete,0,[],0,resource_limit,False
formal,Q73,full,1,formal/01/Q73/full,0.0,0.0,0.0,1,3,0,113,0,1372759,99221,1372759,99221,0,0,30,75,complete,complete,0,[],0,resource_limit,False
formal,Q73,full,2,formal/02/Q73/full,0.0,0.0,0.0,0,3,0,120,1,1377691,100985,1377691,100985,0,0,35,75,partial,partial,1,"[""action:iter_3_search:failed_inner_searches:1/2""]",0,resource_limit,False
formal,Q73,uniform,1,formal/01/Q73/uniform,0.0,0.0,0.0,1,3,0,120,0,1239981,71712,1239981,71712,0,0,30,75,partial,partial,2,"[""action:iter_3_kg:unsuccessful_result"", ""action:iter_3_search:failed_inner_searches:2/2""]",0,resource_limit,False
formal,Q73,uniform,2,formal/02/Q73/uniform,0.0,0.0,0.0,0,3,0,120,0,1406179,114635,1406179,114635,0,0,35,75,partial,partial,1,"[""action:iter_3_search:failed_inner_searches:2/2""]",0,resource_limit,False
formal,Q74,full,1,formal/01/Q74/full,0.75,1.0,0.8571428571428571,4,3,3,107,0,1221507,99680,1221507,99680,0,0,29,63,complete,complete,0,[],0,iteration_limit,False
formal,Q74,full,2,formal/02/Q74/full,0.75,1.0,0.8571428571428571,4,3,3,119,0,1359621,112518,1359621,112518,0,0,29,71,complete,complete,0,[],0,iteration_limit,False
formal,Q74,uniform,1,formal/01/Q74/uniform,0.75,1.0,0.8571428571428571,4,3,3,109,0,1229993,98588,1229993,98588,0,0,29,58,complete,complete,0,[],0,iteration_limit,False
formal,Q74,uniform,2,formal/02/Q74/uniform,0.75,1.0,0.8571428571428571,4,3,3,110,0,1230726,101340,1230726,101340,0,0,30,60,complete,complete,0,[],0,iteration_limit,False
formal,Q75,full,1,formal/01/Q75/full,1.0,1.0,1.0,1,1,1,98,0,1104665,91248,1104665,91248,0,0,30,55,complete,complete,0,[],0,iteration_limit,False
formal,Q75,full,2,formal/02/Q75/full,0.0,0.0,0.0,0,1,0,93,0,1061546,83924,1061546,83924,0,0,30,63,complete,complete,0,[],0,iteration_limit,False
formal,Q75,uniform,1,formal/01/Q75/uniform,0.0,0.0,0.0,6,1,0,99,0,1129902,93761,1129902,93761,0,0,30,62,complete,complete,0,[],0,iteration_limit,False
formal,Q75,uniform,2,formal/02/Q75/uniform,0.25,1.0,0.4,4,1,1,105,0,1212909,102949,1212909,102949,0,0,30,60,complete,complete,0,[],0,iteration_limit,False
formal,Q76,full,1,formal/01/Q76/full,0.2857142857142857,1.0,0.4444444444444444,14,4,4,120,0,1469755,138835,1469755,138835,0,0,29,75,complete,complete,0,[],0,resource_limit,False
formal,Q76,full,2,formal/02/Q76/full,0.36363636363636365,1.0,0.5333333333333333,11,4,4,120,0,1446139,158472,1446139,158472,0,0,30,75,partial,partial,1,"[""action:iter_3_search:failed_inner_searches:2/2""]",0,resource_limit,False
formal,Q76,uniform,1,formal/01/Q76/uniform,0.36363636363636365,1.0,0.5333333333333333,11,4,4,116,0,1481035,147312,1481035,147312,0,0,29,70,complete,complete,0,[],0,iteration_limit,False
formal,Q76,uniform,2,formal/02/Q76/uniform,0.36363636363636365,1.0,0.5333333333333333,11,4,4,120,0,1554954,163748,1554954,163748,0,0,29,73,complete,complete,0,[],0,resource_limit,False
formal,Q77,full,1,formal/01/Q77/full,0.5,0.5,0.5,2,2,1,120,0,1360658,119333,1360658,119333,0,0,30,73,complete,complete,0,[],0,resource_limit,False
formal,Q77,full,2,formal/02/Q77/full,0.5,0.5,0.5,2,2,1,120,0,1410906,128483,1410906,128483,0,0,30,75,complete,complete,0,[],0,resource_limit,False
formal,Q77,uniform,1,formal/01/Q77/uniform,0.3333333333333333,0.5,0.4,3,2,1,116,0,1307844,103399,1307844,103399,0,0,30,75,complete,complete,0,[],0,resource_limit,False
formal,Q77,uniform,2,formal/02/Q77/uniform,0.5,1.0,0.6666666666666666,4,2,2,120,0,1345923,114648,1345923,114648,0,0,30,75,complete,complete,0,[],0,resource_limit,False
formal,Q78,full,1,formal/01/Q78/full,1.0,1.0,1.0,1,1,1,110,0,1254517,111110,1254517,111110,0,0,30,63,complete,complete,0,[],0,iteration_limit,False
formal,Q78,full,2,formal/02/Q78/full,1.0,1.0,1.0,1,1,1,116,0,1298325,99907,1298325,99907,0,0,30,67,complete,complete,0,[],0,iteration_limit,False
formal,Q78,uniform,1,formal/01/Q78/uniform,0.5,1.0,0.6666666666666666,2,1,1,117,0,1309132,101873,1309132,101873,0,0,30,63,complete,complete,0,[],0,iteration_limit,False
formal,Q78,uniform,2,formal/02/Q78/uniform,1.0,1.0,1.0,1,1,1,108,0,1211943,79056,1211943,79056,0,0,30,73,complete,complete,0,[],0,iteration_limit,False
formal,Q79,full,1,formal/01/Q79/full,0.0,0.0,0.0,11,4,0,120,0,1488821,160101,1488821,160101,0,0,30,75,complete,complete,0,[],0,resource_limit,False
formal,Q79,full,2,formal/02/Q79/full,0.3333333333333333,0.25,0.2857142857142857,3,4,1,120,0,1509406,167244,1509406,167244,0,0,30,72,complete,complete,0,[],0,resource_limit,False
formal,Q79,uniform,1,formal/01/Q79/uniform,0.08333333333333333,0.25,0.125,12,4,1,113,0,1365826,136435,1365826,136435,0,0,30,72,complete,complete,0,[],0,iteration_limit,False
formal,Q79,uniform,2,formal/02/Q79/uniform,0.0,0.0,0.0,2,4,0,118,0,1416083,135406,1416083,135406,0,0,30,67,complete,complete,0,[],0,iteration_limit,False
formal,Q80,full,1,formal/01/Q80/full,0.3333333333333333,0.75,0.46153846153846156,18,8,6,109,0,1226033,100107,1226033,100107,0,0,30,59,complete,complete,0,[],0,iteration_limit,False
formal,Q80,full,2,formal/02/Q80/full,0.1875,0.375,0.25,16,8,3,70,0,768143,61905,768143,61905,0,0,16,75,complete,complete,0,[],0,resource_limit,False
formal,Q80,uniform,1,formal/01/Q80/uniform,0.4166666666666667,0.625,0.5,12,8,5,107,0,1228541,100766,1228541,100766,0,0,30,66,complete,complete,0,[],0,iteration_limit,False
formal,Q80,uniform,2,formal/02/Q80/uniform,0.3076923076923077,0.5,0.38095238095238093,13,8,4,113,0,1286252,103004,1286252,103004,0,0,30,70,complete,complete,0,[],0,iteration_limit,False
