query_id,full_f1,uniform_f1,difference,full_answer_precision,full_answer_recall,full_actual_input_tokens,full_actual_output_tokens,full_agent_calls,full_search_requests,full_page_requests,full_no_answer_count,uniform_answer_precision,uniform_answer_recall,uniform_actual_input_tokens,uniform_actual_output_tokens,uniform_agent_calls,uniform_search_requests,uniform_page_requests,uniform_no_answer_count
Q61,0.14285714285714285,0.0,0.14285714285714285,0.1,0.25,1179730.0,104010.5,100.0,28.0,73.0,0,0.0,0.0,1254318.5,108798.5,107.5,29.0,74.5,0
Q62,0.0,0.0,0.0,0.0,0.0,1206724.0,80942.0,109.0,32.0,74.0,0,0.0,0.0,1196699.0,82560.0,106.5,32.0,73.0,0
Q63,0.0,0.0,0.0,0.0,0.0,1271784.0,113094.5,106.5,30.0,69.0,0,0.0,0.0,1283292.0,109931.0,107.5,32.5,65.5,0
Q64,0.0,0.0,0.0,0.0,0.0,1292704.5,115117.0,116.5,30.0,72.0,0,0.0,0.0,1321261.5,111117.5,116.5,30.0,75.0,0
Q65,0.07142857142857142,0.07142857142857142,0.0,0.038461538461538464,0.5,1384716.0,126908.5,120.0,30.0,74.5,0,0.038461538461538464,0.5,1338834.5,125909.5,113.5,30.0,68.0,0
Q66,0.0,0.0,0.0,0.0,0.0,1369376.5,152069.5,113.0,30.0,69.0,0,0.0,0.0,1372866.0,130922.5,117.0,30.0,75.0,0
Q67,0.3333333333333333,0.0,0.3333333333333333,0.25,0.5,1388023.5,124359.5,120.0,30.0,72.5,0,0.0,0.0,1412945.0,120007.5,120.0,32.5,74.5,0
Q68,0.0,0.5,-0.5,0.0,0.0,1252828.0,92025.5,110.0,30.0,71.0,0,0.5,0.5,1309718.5,99934.0,112.5,30.0,75.0,0
Q69,0.0,0.0,0.0,0.0,0.0,1197849.0,92871.5,103.5,29.0,55.5,0,0.0,0.0,1210549.5,103786.5,102.0,30.0,57.5,0
Q70,0.4583333333333333,0.1111111111111111,0.3472222222222222,0.3214285714285714,1.0,1450895.5,141989.5,120.0,30.0,75.0,0,0.07142857142857142,0.25,1441587.5,135061.5,118.5,30.0,74.5,0
Q71,0.0,0.0,0.0,0.0,0.0,1381789.5,141150.0,120.0,30.0,72.0,0,0.0,0.0,1340055.0,133429.0,116.0,30.0,68.5,0
Q72,0.5,0.1,0.4,0.5,0.5,1233494.0,95547.5,107.0,30.0,71.0,0,0.05555555555555555,0.5,1344255.5,108023.5,115.5,35.0,74.0,0
Q73,0.0,0.0,0.0,0.0,0.0,1375225.0,100103.0,116.5,32.5,75.0,0,0.0,0.0,1323080.0,93173.5,120.0,32.5,75.0,0
Q74,0.8571428571428571,0.8571428571428571,0.0,0.75,1.0,1290564.0,106099.0,113.0,29.0,67.0,0,0.75,1.0,1230359.5,99964.0,109.5,29.5,59.0,0
Q75,0.5,0.2,0.3,0.5,0.5,1083105.5,87586.0,95.5,30.0,59.0,0,0.125,0.5,1171405.5,98355.0,102.0,30.0,61.0,0
Q76,0.4888888888888889,0.5333333333333333,-0.04444444444444445,0.3246753246753247,1.0,1457947.0,148653.5,120.0,29.5,75.0,0,0.36363636363636365,1.0,1517994.5,155530.0,118.0,29.0,71.5,0
Q77,0.5,0.5333333333333333,-0.033333333333333326,0.5,0.5,1385782.0,123908.0,120.0,30.0,74.0,0,0.41666666666666663,0.75,1326883.5,109023.5,118.0,30.0,75.0,0
Q78,1.0,0.8333333333333333,0.16666666666666674,1.0,1.0,1276421.0,105508.5,113.0,30.0,65.0,0,0.75,1.0,1260537.5,90464.5,112.5,30.0,68.0,0
Q79,0.14285714285714285,0.0625,0.08035714285714285,0.16666666666666666,0.125,1499113.5,163672.5,120.0,30.0,73.5,0,0.041666666666666664,0.125,1390954.5,135920.5,115.5,30.0,69.5,0
Q80,0.3557692307692308,0.44047619047619047,-0.08470695970695968,0.26041666666666663,0.5625,997088.0,81006.0,89.5,23.0,67.0,0,0.3621794871794872,0.5625,1257396.5,101885.0,110.0,30.0,68.0,0
